-- MySQL dump 10.13  Distrib 8.3.0, for Linux (x86_64)
--
-- Host: localhost    Database: seemyfamily
-- ------------------------------------------------------
-- Server version	8.3.0

/*!40101 SET @OLD_CHARACTER_SET_CLIENT=@@CHARACTER_SET_CLIENT */;
/*!40101 SET @OLD_CHARACTER_SET_RESULTS=@@CHARACTER_SET_RESULTS */;
/*!40101 SET @OLD_COLLATION_CONNECTION=@@COLLATION_CONNECTION */;
/*!50503 SET NAMES utf8mb4 */;
/*!40103 SET @OLD_TIME_ZONE=@@TIME_ZONE */;
/*!40103 SET TIME_ZONE='+00:00' */;
/*!40014 SET @OLD_UNIQUE_CHECKS=@@UNIQUE_CHECKS, UNIQUE_CHECKS=0 */;
/*!40014 SET @OLD_FOREIGN_KEY_CHECKS=@@FOREIGN_KEY_CHECKS, FOREIGN_KEY_CHECKS=0 */;
/*!40101 SET @OLD_SQL_MODE=@@SQL_MODE, SQL_MODE='NO_AUTO_VALUE_ON_ZERO' */;
/*!40111 SET @OLD_SQL_NOTES=@@SQL_NOTES, SQL_NOTES=0 */;

--
-- Table structure for table `history`
--

DROP TABLE IF EXISTS `history`;
/*!40101 SET @saved_cs_client     = @@character_set_client */;
/*!50503 SET character_set_client = utf8mb4 */;
CREATE TABLE `history` (
  `id` int NOT NULL AUTO_INCREMENT,
  `created_at` datetime DEFAULT NULL,
  `username` varchar(100) DEFAULT NULL,
  `action` varchar(100) DEFAULT NULL,
  `recipient` varchar(100) DEFAULT NULL,
  PRIMARY KEY (`id`),
  KEY `ix_history_id` (`id`)
) ENGINE=InnoDB AUTO_INCREMENT=184 DEFAULT CHARSET=utf8mb4 COLLATE=utf8mb4_0900_ai_ci;
/*!40101 SET character_set_client = @saved_cs_client */;

--
-- Dumping data for table `history`
--

LOCK TABLES `history` WRITE;
/*!40000 ALTER TABLE `history` DISABLE KEYS */;
INSERT INTO `history` VALUES (1,'2024-01-18 04:16:44','Jesse Metzger','Project Started','General'),(2,'2024-02-02 02:36:35','Helen Metzger','created','Henry Jones'),(3,'2024-02-02 02:41:26','Helen Metzger','deleted','Henry Jones'),(4,'2024-02-02 02:42:16','Helen Metzger','created','Henry Jones'),(5,'2024-02-02 02:42:34','Helen Metzger','created','Jessie Jones'),(6,'2024-02-02 02:43:45','Helen Metzger','created','J.C. Jones'),(7,'2024-02-02 02:44:51','Helen Metzger','edited profile','Howard Jones'),(8,'2024-02-02 02:52:04','Helen Metzger','edited profile','Henry Jones'),(9,'2024-02-02 02:52:52','Helen Metzger','edited profile','Jessie Jones'),(10,'2024-02-02 02:54:10','Helen Metzger','edited profile','James Jones'),(11,'2024-02-02 02:54:55','Helen Metzger','created','Thelma Jones'),(12,'2024-02-02 02:55:52','Helen Metzger','edited profile','Thelma Jones'),(13,'2024-02-02 02:58:09','Helen Metzger','created','Mayrell Jones'),(14,'2024-02-02 03:00:36','Helen Metzger','created','John Weatherly'),(15,'2024-02-02 03:01:47','Helen Metzger','edited profile','Mayrell Weatherly'),(16,'2024-02-02 03:02:20','Helen Metzger','created','Grady Jones'),(17,'2024-02-02 03:03:00','Helen Metzger','edited profile','Grady Jones'),(18,'2024-02-02 03:03:15','Helen Metzger','created','Molly Jones'),(19,'2024-02-02 03:03:39','Helen Metzger','edited profile','Molly Jones'),(20,'2024-02-02 12:42:56','Jesse Metzger','added photo','Helen Metzger'),(21,'2024-02-02 12:43:46','Jesse Metzger','added photo','James Metzger'),(22,'2024-02-02 12:44:01','Jesse Metzger','added photo','Ellina Metzger'),(23,'2024-02-02 19:50:15','Ellina Metzger','edited profile','Gennadiy Klimovich'),(24,'2024-02-02 19:50:46','Ellina Metzger','edited profile','Ludmila Klimovich'),(25,'2024-02-02 19:51:36','Ellina Metzger','created','Rimma Volkova'),(26,'2024-02-02 19:52:13','Ellina Metzger','created','Viktor Volkov'),(27,'2024-02-02 19:53:24','Ellina Metzger','created','Yanina Klimovich'),(28,'2024-02-02 19:53:50','Ellina Metzger','created','Aleksander Klimovich'),(29,'2024-02-02 19:54:56','Ellina Metzger','edited profile','Yuliya Klimovich'),(30,'2024-02-02 19:55:17','Ellina Metzger','edited profile','Karina Klimovich'),(31,'2024-02-02 22:54:31','Ellina Metzger','edited profile','Sebastian Kwak'),(32,'2024-02-02 22:55:23','Ellina Metzger','edited profile','Janek Kwak'),(33,'2024-02-03 04:30:11','Helen Metzger','created','James R. Jones'),(34,'2024-02-03 04:30:54','Helen Metzger','edited profile','James R. Jones'),(35,'2024-02-03 04:31:38','Helen Metzger','created','Robert Singleton Jones'),(36,'2024-02-03 04:32:18','Helen Metzger','edited profile','Robert Singleton Jones'),(37,'2024-02-03 04:32:54','Helen Metzger','created','Martha Whitehead Jones'),(38,'2024-02-03 04:33:38','Helen Metzger','edited profile','Martha Whitehead Jones'),(39,'2024-02-03 04:35:15','Helen Metzger','created','Name Unknown'),(40,'2024-02-03 04:36:22','Helen Metzger','edited profile','Name Unknown'),(41,'2024-02-03 04:38:02','Helen Metzger','edited bio','Name Unknown'),(42,'2024-02-03 04:39:32','Helen Metzger','edited profile','Jessie Patrick Jones'),(43,'2024-02-03 04:39:54','Helen Metzger','created','Jessie Jones'),(44,'2024-02-03 04:40:39','Helen Metzger','edited profile','Jessie Jones'),(45,'2024-02-03 04:40:55','Helen Metzger','edited profile','Jessie Jones'),(46,'2024-02-03 04:41:16','Helen Metzger','edited bio','Jessie Jones'),(47,'2024-02-03 04:57:32','Jesse Metzger','added photo','Ellina Metzger'),(48,'2024-02-03 04:57:35','Jesse Metzger','set profile pic','Ellina Metzger'),(49,'2024-02-03 04:57:57','Jesse Metzger','deleted photo','Ellina Metzger'),(50,'2024-02-03 04:59:13','Jesse Metzger','added photo','Jesse Metzger'),(51,'2024-02-03 05:00:47','Jesse Metzger','added photo','Jesse Metzger'),(52,'2024-02-03 05:01:05','Jesse Metzger','deleted photo','Jesse Metzger'),(53,'2024-02-03 05:01:34','Jesse Metzger','added photo','Ellina Metzger'),(54,'2024-02-03 05:01:49','Jesse Metzger','photo description updated','Ellina Metzger'),(55,'2024-02-03 05:02:45','Jesse Metzger','added photo','Ellina Metzger'),(56,'2024-02-03 05:04:07','Jesse Metzger','added photo','Mioyko Jones'),(57,'2024-02-03 05:05:39','Jesse Metzger','added photo','Sebastian Kwak'),(58,'2024-02-03 05:06:47','Jesse Metzger','deleted photo','James Metzger'),(59,'2024-02-03 05:07:22','Jesse Metzger','added photo','James Metzger'),(60,'2024-02-03 05:13:12','Ellina Metzger','deleted photo','Ellina Metzger'),(61,'2024-02-03 05:13:14','Ellina Metzger','deleted photo','Ellina Metzger'),(62,'2024-02-03 05:13:16','Ellina Metzger','deleted photo','Ellina Metzger'),(63,'2024-02-03 05:14:01','Ellina Metzger','added photo','Ellina Metzger'),(64,'2024-02-03 05:14:16','Jesse Metzger','added photo','Polina Volkova'),(65,'2024-02-03 05:15:10','Jesse Metzger','added photo','Yuliya Klimovich'),(66,'2024-02-03 05:15:35','Ellina Metzger','added photo','Ellina Metzger'),(67,'2024-02-03 05:15:43','Ellina Metzger','set profile pic','Ellina Metzger'),(68,'2024-02-03 05:16:03','Ellina Metzger','deleted photo','Ellina Metzger'),(69,'2024-02-03 05:22:45','Ellina Metzger','added photo','Janek Kwak'),(70,'2024-02-03 05:24:10','Jesse Metzger','added photo','Anna Volkova'),(71,'2024-02-03 05:25:23','Ellina Metzger','added photo','Polina Volkova'),(72,'2024-02-03 13:19:01','Jesse Metzger','edited bio','Ellina Metzger'),(73,'2024-02-03 16:42:36','Ellina Metzger','deleted photo','Janek Kwak'),(74,'2024-02-03 16:43:04','Ellina Metzger','added photo','Janek Kwak'),(75,'2024-02-03 16:46:55','Ellina Metzger','added photo','Ellina Metzger'),(76,'2024-02-03 21:51:12','Jesse Metzger','moved position','Ellina Metzger'),(77,'2024-02-03 21:51:23','Jesse Metzger','moved position','Ellina Metzger'),(78,'2024-02-03 23:06:25','Jesse Metzger','created','tester'),(79,'2024-02-03 23:07:08','Jesse Metzger','moved position','tester'),(80,'2024-02-03 23:07:15','Jesse Metzger','deleted','tester'),(81,'2024-02-05 20:25:35','Ellina Metzger','moved position','Polina Volkova'),(82,'2024-02-06 21:47:03','Jesse Metzger','moved position','Jesse Metzger'),(83,'2024-02-06 21:47:11','Jesse Metzger','moved position','Jesse Metzger'),(84,'2024-02-07 01:11:40','Helen Metzger','edited profile','Robert Singleton Jones'),(85,'2024-02-07 01:12:13','Helen Metzger','edited bio','Robert Singleton Jones'),(86,'2024-02-07 01:18:05','Helen Metzger','edited bio','Martha Whitehead Jones'),(87,'2024-02-07 01:22:22','Helen Metzger','edited profile','Martha Whitehead Jones'),(88,'2024-02-07 01:24:52','Helen Metzger','edited profile','James R. Jones'),(89,'2024-02-07 01:25:15','Helen Metzger','edited bio','James R. Jones'),(90,'2024-02-07 01:25:27','Helen Metzger','edited profile','James R. Jones'),(91,'2024-02-07 01:30:42','Helen Metzger','edited bio','James R. Jones'),(92,'2024-02-07 01:33:05','Helen Metzger','created','Paul Jones'),(93,'2024-02-07 01:33:42','Helen Metzger','edited profile','James R. Jones'),(94,'2024-02-07 01:34:12','Helen Metzger','edited profile','Paul Jones'),(95,'2024-02-07 01:34:57','Jesse Metzger','edited bio','Robert Singleton Jones'),(96,'2024-02-07 01:35:05','Jesse Metzger','edited bio','Martha Whitehead Jones'),(97,'2024-02-07 01:35:21','Jesse Metzger','edited bio','Robert Singleton Jones'),(98,'2024-02-07 01:35:35','Jesse Metzger','edited bio','Martha Whitehead Jones'),(99,'2024-02-07 01:36:07','Helen Metzger','created','Martha Harris Jones'),(100,'2024-02-07 01:42:51','Helen Metzger','edited profile','Henry Grady Jones'),(101,'2024-02-07 01:45:56','Helen Metzger','edited bio','Henry Grady Jones'),(102,'2024-02-07 01:52:53','Helen Metzger','edited profile','Henry Grady Jones'),(103,'2024-02-07 01:53:12','Helen Metzger','edited profile','Henry Grady Jones'),(104,'2024-02-07 01:53:38','Helen Metzger','edited bio','Henry Grady Jones'),(105,'2024-02-07 01:55:04','Helen Metzger','edited profile','Jessie Patrick Jones'),(106,'2024-02-07 01:58:02','Helen Metzger','edited bio','Jessie Patrick Jones'),(107,'2024-02-07 01:59:55','Helen Metzger','edited profile','Howard Jones'),(108,'2024-02-07 02:02:45','Helen Metzger','edited bio','Howard Jones'),(109,'2024-02-07 02:04:29','Helen Metzger','edited profile','Mioyko Nakakawa Jones'),(110,'2024-02-07 02:10:45','Helen Metzger','edited bio','Mioyko Nakakawa Jones'),(111,'2024-02-07 02:11:20','Helen Metzger','edited bio','Howard Jones'),(112,'2024-02-07 02:11:56','Helen Metzger','edited bio','Mioyko Nakakawa Jones'),(113,'2024-02-07 02:13:28','Helen Metzger','edited profile','James Metzger'),(114,'2024-02-07 02:15:02','Helen Metzger','edited bio','James Metzger'),(115,'2024-02-07 02:15:50','Helen Metzger','edited profile','Helen Metzger'),(116,'2024-02-07 02:16:11','Helen Metzger','edited bio','Helen Metzger'),(117,'2024-02-07 02:16:57','Helen Metzger','edited profile','Marie Louise Metzger'),(118,'2024-02-07 02:17:36','Helen Metzger','edited profile','James Metzger Sr'),(119,'2024-02-07 02:18:24','Helen Metzger','edited profile','Mayrell Weatherly'),(120,'2024-02-07 02:19:33','Helen Metzger','edited profile','John Grady Weatherly'),(121,'2024-02-07 02:20:00','Helen Metzger','edited bio','John Grady Weatherly'),(122,'2024-02-07 02:20:35','Helen Metzger','edited profile','James Jones'),(123,'2024-02-07 02:21:18','Helen Metzger','edited bio','James Jones'),(124,'2024-02-07 03:06:43','Helen Metzger','edited bio','Mayrell Weatherly'),(125,'2024-02-07 03:07:16','Helen Metzger','edited profile','John Grady Weatherly'),(126,'2024-02-07 03:07:54','Helen Metzger','edited profile','James Jones'),(127,'2024-02-07 03:08:51','Helen Metzger','edited bio','Grady Jones'),(128,'2024-02-07 03:08:57','Helen Metzger','edited profile','Grady Jones'),(129,'2024-02-07 03:09:41','Helen Metzger','edited profile','Jennifer Metzger'),(130,'2024-02-07 03:10:46','Helen Metzger','edited bio','Jennifer Metzger'),(131,'2024-02-07 03:11:53','Helen Metzger','edited profile','Jesse Metzger'),(132,'2024-02-07 03:13:57','Jesse Metzger','edited bio','Jesse Metzger'),(133,'2024-02-07 03:16:48','Jesse Metzger','edited bio','Jesse Metzger'),(134,'2024-02-07 03:18:06','Helen Metzger','edited bio','Robert Singleton Jones'),(135,'2024-02-07 03:22:13','Helen Metzger','edited profile','Name Unknown'),(136,'2024-02-07 03:25:46','Helen Metzger','edited profile','James R. Jones'),(137,'2024-02-07 03:32:42','Helen Metzger','moved position','James R. Jones'),(138,'2024-02-07 03:33:50','Helen Metzger','moved position','Name Unknown'),(139,'2024-02-07 03:34:24','Helen Metzger','moved position','Jessie Jones'),(140,'2024-02-07 03:34:57','Helen Metzger','moved position','Robert Singleton Jones'),(141,'2024-02-07 03:35:07','Helen Metzger','moved position','Martha Whitehead Jones'),(142,'2024-02-07 03:38:06','Helen Metzger','moved position','Paul Jones'),(143,'2024-02-07 03:38:19','Helen Metzger','moved position','Martha Harris Jones'),(144,'2024-02-07 03:40:46','Helen Metzger','created','Mary E. Patrick'),(145,'2024-02-07 03:42:01','Helen Metzger','edited bio','Mary E. Patrick'),(146,'2024-02-07 03:43:07','Helen Metzger','created','James C. Patrick'),(147,'2024-02-07 03:44:34','Helen Metzger','created','Julia E. Patrick'),(148,'2024-02-07 03:45:16','Helen Metzger','edited bio','Julia E. Patrick'),(149,'2024-02-07 03:45:47','Helen Metzger','edited profile','Julia E. Patrick'),(150,'2024-02-07 03:49:05','Helen Metzger','created','Lona Aycock Patrick'),(151,'2024-02-07 03:52:25','Helen Metzger','edited bio','Lona Aycock Patrick'),(152,'2024-02-07 03:53:39','Helen Metzger','created','Lucious Lyle Patrick'),(153,'2024-02-07 03:55:00','Helen Metzger','edited bio','Lucious Lyle Patrick'),(154,'2024-02-07 03:56:16','Helen Metzger','created','Sarah Francis Hewitt'),(155,'2024-02-07 03:56:40','Helen Metzger','edited bio','Sarah Francis Hewitt'),(156,'2024-02-07 03:57:39','Helen Metzger','edited profile','Martha Whitehead Jones'),(157,'2024-02-07 03:58:59','Helen Metzger','edited profile','Name Unknown'),(158,'2024-02-07 03:59:37','Helen Metzger','edited bio','Name Unknown'),(159,'2024-02-07 04:00:11','Helen Metzger','edited profile','James R. Jones'),(160,'2024-02-07 04:01:17','Helen Metzger','edited profile','Jessie Jones'),(161,'2024-02-07 04:01:54','Helen Metzger','edited bio','Jessie Jones'),(162,'2024-02-07 04:03:09','Helen Metzger','edited bio','Name Unknown'),(163,'2024-02-07 04:04:37','Helen Metzger','edited profile','Henry Grady Jones'),(164,'2024-02-07 04:06:17','Helen Metzger','edited profile','Jessie Patrick Jones'),(165,'2024-02-07 04:08:27','Helen Metzger','edited profile','Mayrell Weatherly'),(166,'2024-02-07 04:10:18','Helen Metzger','edited profile','James Jones'),(167,'2024-02-07 04:11:22','Helen Metzger','edited profile','Thelma Jones'),(168,'2024-02-07 04:11:42','Helen Metzger','edited bio','Thelma Jones'),(169,'2024-02-07 04:12:14','Helen Metzger','edited profile','Thelma Mobley Jones'),(170,'2024-02-07 04:12:14','Helen Metzger','edited profile','Thelma Mobley Jones'),(171,'2024-02-07 04:12:24','Helen Metzger','edited profile','Thelma Mobley Jones'),(172,'2024-02-07 04:12:38','Helen Metzger','edited profile','Thelma Mobley Jones'),(173,'2024-02-07 04:12:51','Helen Metzger','edited bio','Thelma Mobley Jones'),(174,'2024-02-07 04:14:27','Helen Metzger','edited profile','John Grady Weatherly'),(175,'2024-02-07 04:15:05','Helen Metzger','edited profile','Molly Jones'),(176,'2024-02-07 04:15:46','Helen Metzger','edited bio','Jesse Metzger'),(177,'2024-02-07 04:16:18','Helen Metzger','edited profile','Marie Louise Metzger'),(178,'2024-02-07 04:16:41','Helen Metzger','edited profile','James Metzger Sr'),(179,'2024-02-07 04:20:17','Helen Metzger','edited bio','Martha Harris Jones'),(180,'2024-02-07 04:22:16','Helen Metzger','edited bio','Paul Jones'),(181,'2024-02-07 04:22:35','Helen Metzger','edited profile','Martha Harris Jones'),(182,'2024-02-07 04:23:06','Helen Metzger','edited bio','Martha Harris Jones'),(183,'2024-02-07 04:24:42','Helen Metzger','edited bio','Mayrell Weatherly');
/*!40000 ALTER TABLE `history` ENABLE KEYS */;
UNLOCK TABLES;

--
-- Table structure for table `person`
--

DROP TABLE IF EXISTS `person`;
/*!40101 SET @saved_cs_client     = @@character_set_client */;
/*!50503 SET character_set_client = utf8mb4 */;
CREATE TABLE `person` (
  `id` int NOT NULL AUTO_INCREMENT,
  `created_at` date DEFAULT NULL,
  `name` varchar(255) DEFAULT NULL,
  `x` int DEFAULT NULL,
  `y` int DEFAULT NULL,
  `birth` date DEFAULT NULL,
  `location` varchar(255) DEFAULT NULL,
  `parents` varchar(40) DEFAULT NULL,
  `spouse` varchar(40) DEFAULT NULL,
  `siblings` varchar(40) DEFAULT NULL,
  `children` varchar(40) DEFAULT NULL,
  `lat` float DEFAULT NULL,
  `lng` float DEFAULT NULL,
  PRIMARY KEY (`id`),
  UNIQUE KEY `name` (`name`),
  KEY `ix_person_id` (`id`)
) ENGINE=InnoDB AUTO_INCREMENT=47 DEFAULT CHARSET=utf8mb4 COLLATE=utf8mb4_0900_ai_ci;
/*!40101 SET character_set_client = @saved_cs_client */;

--
-- Dumping data for table `person`
--

LOCK TABLES `person` WRITE;
/*!40000 ALTER TABLE `person` DISABLE KEYS */;
INSERT INTO `person` VALUES (1,'2024-01-18','Jesse Metzger',19,21,'1989-01-17','Nashville ,TN','5,3','2','4',NULL,36.16,-86.78),(2,'2024-01-18','Ellina Metzger',20,21,'1991-05-05','Nashville, TN','7,8','1','6',NULL,36.16,-86.78),(3,'2024-01-18','Helen Metzger',17,19,'1959-01-13','Alpine, CA','10,9','5','26','4,1',32.83,-116.76),(4,'2024-01-18','Jennifer Metzger',16,21,'1990-11-15','Las Vegas, NV','5,3',NULL,'1',NULL,36.17,-115.13),(5,'2024-01-18','James Metzger',16,19,'1956-04-10','Alpine, CA','18,17','3',NULL,'4,1',32.83,-116.76),(6,'2024-01-18','Polina Volkova',24,21,'1996-01-16','Moscow, Russia','7,8',NULL,'2',NULL,55.75,37.61),(7,'2024-01-18','Anna Volkova',24,19,'1968-10-12','Moscow, Russia','30','8','11','2,6',55.75,37.61),(8,'2024-01-18','Yuriy Volkov',23,19,'1966-08-18','Moscow, Russia','28,29','7',NULL,'2,6',55.75,37.61),(9,'2024-01-18','Mioyko Nakakawa Jones',19,17,'1933-09-03','Riverside National Cemetery',NULL,'10',NULL,'3,26',32.74,-116.99),(10,'2024-01-18','Howard Jones',20,17,'1923-05-25','Riverside National Cemetery','21,20','9','22','3,26',32.74,-116.99),(11,'2024-01-18','Gennadiy Klimovich',28,19,'1966-06-22','Grodno, Belarus','30','12','7','13,14',53.66,23.82),(12,'2024-01-18','Ludmila Klimovich',29,19,'1968-08-11','Grodno, Belarus',NULL,'11',NULL,'13,14',53.66,23.82),(13,'2024-01-18','Yuliya Klimovich',28,21,'1990-08-11','Minsk, Belarus','11,12',NULL,'14',NULL,53.9,27.55),(14,'2024-01-18','Karina Klimovich',30,21,'1994-08-20','Krakow, Poland','11,12','15','13','16',50.06,19.94),(15,'2024-01-18','Sebastian Kwak',31,21,NULL,'Krakow, Poland',NULL,'14',NULL,'16',50.06,19.94),(16,'2024-01-18','Janek Kwak',30,22,'2020-11-02','Krakow, Poland','15,14',NULL,NULL,NULL,50.06,19.94),(17,'2024-01-18','James Metzger Sr',13,17,'1933-01-01',NULL,NULL,'18',NULL,'5',NULL,NULL),(18,'2024-01-18','Marie Louise Metzger',12,17,'1933-01-01',NULL,NULL,'17',NULL,'5',NULL,NULL),(20,'2024-02-02','Henry Grady Jones',20,15,'1896-01-01','Pleasant Hills Church Cemetery','35,32','21','39','22',NULL,NULL),(21,'2024-02-02','Jessie Patrick Jones',21,15,'1896-01-01','Pleasant Hills Church Cemetery','41,42','20','43','22',NULL,NULL),(22,'2024-02-02','James Jones',22,17,'1914-01-01','Pleasant Hill Church Cemetery','21,20','23','10,24',NULL,NULL,NULL),(23,'2024-02-02','Thelma Mobley Jones',23,17,'1916-01-01','',NULL,'22',NULL,NULL,NULL,NULL),(24,'2024-02-02','Mayrell Weatherly',16,17,'1919-01-01','','21,20','25','22',NULL,NULL,NULL),(25,'2024-02-02','John Grady Weatherly',17,17,'1939-09-30','',NULL,'24',NULL,NULL,NULL,NULL),(26,'2024-02-02','Grady Jones',19,19,'1956-06-13','','10,9','27','3',NULL,NULL,NULL),(27,'2024-02-02','Molly Jones',20,19,'0001-01-01','',NULL,'26',NULL,NULL,NULL,NULL),(28,'2024-02-02','Rimma Volkova',25,17,'1940-10-13','',NULL,NULL,NULL,'8',NULL,NULL),(29,'2024-02-02','Viktor Volkov',26,17,'1939-09-20','',NULL,NULL,NULL,'8',NULL,NULL),(30,'2024-02-02','Yanina Klimovich',28,17,'1942-03-01','',NULL,NULL,NULL,'11,7',NULL,NULL),(31,'2024-02-02','Aleksander Klimovich',29,17,'1939-11-05','',NULL,NULL,NULL,NULL,NULL,NULL),(32,'2024-02-03','James R. Jones',17,13,'1856-01-01','Pleasant Hills Church Cemetery','34','35,37',NULL,'20',NULL,NULL),(33,'2024-02-03','Robert Singleton Jones',17,11,'1822-10-15','Pleasant Hills Church Cemetery',NULL,'34',NULL,'32',NULL,NULL),(34,'2024-02-03','Martha Whitehead Jones',18,11,'1821-01-01','Pleasant Hills Church Cemetery',NULL,'33',NULL,'32',NULL,NULL),(35,'2024-02-03','Name Unknown',16,13,'1857-03-18','',NULL,'32',NULL,'20',NULL,NULL),(37,'2024-02-03','Jessie Jones',18,13,'0001-01-01','Pleasant Hill Church Cemetery',NULL,'32',NULL,'39',NULL,NULL),(39,'2024-02-07','Paul Jones',18,15,NULL,'Pleasant Hills Church Cemetery','37','40','20',NULL,NULL,NULL),(40,'2024-02-07','Martha Harris Jones',17,15,NULL,'Pleasant Hills Church Cemetery',NULL,'39',NULL,NULL,NULL,NULL),(41,'2024-02-07','Mary E. Patrick',21,13,'1859-01-31','Old Pentacost Church, Hwy 82, Winder, CA',NULL,'42',NULL,'43,21',NULL,NULL),(42,'2024-02-07','James C. Patrick',22,13,'1857-03-04','Old Pentacost Church, Hwy 82, Winder, CA','45,46','41','44','43,21',NULL,NULL),(43,'2024-02-07','Julia E. Patrick',23,15,'1887-06-19','','41,42',NULL,'21',NULL,NULL,NULL),(44,'2024-02-07','Lona Aycock Patrick',23,13,'1878-01-01','Old Pentacost Church, Hwy 82, Winder, CA',NULL,NULL,'42',NULL,NULL,NULL),(45,'2024-02-07','Lucious Lyle Patrick',22,11,'1826-09-26','Old Pentacost Church, Hwy 82, Winder, CA',NULL,'46',NULL,'42',NULL,NULL),(46,'2024-02-07','Sarah Francis Hewitt',23,11,'1828-10-12','Old Pentacost Church, Hwy 82, Winder, CA',NULL,'45',NULL,'42',NULL,NULL);
/*!40000 ALTER TABLE `person` ENABLE KEYS */;
UNLOCK TABLES;

--
-- Table structure for table `photo`
--

DROP TABLE IF EXISTS `photo`;
/*!40101 SET @saved_cs_client     = @@character_set_client */;
/*!50503 SET character_set_client = utf8mb4 */;
CREATE TABLE `photo` (
  `id` int NOT NULL AUTO_INCREMENT,
  `person_id` int DEFAULT NULL,
  `profile_photo` tinyint(1) DEFAULT NULL,
  `path` varchar(100) DEFAULT NULL,
  `description` varchar(255) DEFAULT NULL,
  PRIMARY KEY (`id`),
  KEY `ix_photo_id` (`id`)
) ENGINE=InnoDB AUTO_INCREMENT=21 DEFAULT CHARSET=utf8mb4 COLLATE=utf8mb4_0900_ai_ci;
/*!40101 SET character_set_client = @saved_cs_client */;

--
-- Dumping data for table `photo`
--

LOCK TABLES `photo` WRITE;
/*!40000 ALTER TABLE `photo` DISABLE KEYS */;
INSERT INTO `photo` VALUES (1,3,1,'PHOTOS/3/1706877776.png',''),(5,1,1,'PHOTOS/1/1706936353.png',''),(9,9,1,'PHOTOS/9/1706936647.png',''),(10,15,1,'PHOTOS/15/1706936739.png','Christmas 2019'),(11,5,1,'PHOTOS/5/1706936842.png',''),(13,6,1,'PHOTOS/6/1706937256.png',''),(14,13,1,'PHOTOS/13/1706937310.png',''),(15,2,1,'PHOTOS/2/1706937335.png',''),(17,7,1,'PHOTOS/7/1706937850.png',''),(18,6,0,'PHOTOS/6/1706937923.png',''),(19,16,1,'PHOTOS/16/1706978584.png',''),(20,2,0,'PHOTOS/2/1706978815.png','1 year old Elya');
/*!40000 ALTER TABLE `photo` ENABLE KEYS */;
UNLOCK TABLES;

--
-- Table structure for table `visitor`
--

DROP TABLE IF EXISTS `visitor`;
/*!40101 SET @saved_cs_client     = @@character_set_client */;
/*!50503 SET character_set_client = utf8mb4 */;
CREATE TABLE `visitor` (
  `id` int NOT NULL AUTO_INCREMENT,
  `ip_address` varchar(225) DEFAULT NULL,
  `date` date DEFAULT NULL,
  PRIMARY KEY (`id`),
  KEY `ix_visitor_id` (`id`)
) ENGINE=InnoDB AUTO_INCREMENT=177 DEFAULT CHARSET=utf8mb4 COLLATE=utf8mb4_0900_ai_ci;
/*!40101 SET character_set_client = @saved_cs_client */;

--
-- Dumping data for table `visitor`
--

LOCK TABLES `visitor` WRITE;
/*!40000 ALTER TABLE `visitor` DISABLE KEYS */;
INSERT INTO `visitor` VALUES (1,'127.0.0.1','2023-01-18'),(2,'127.0.0.1','2023-02-20'),(3,'127.0.0.1','2023-05-22'),(4,'127.0.0.1','2023-07-22'),(5,'127.0.0.1','2023-07-23'),(6,'127.0.0.1','2023-07-24'),(8,'127.0.0.1','2023-08-22'),(9,'127.0.0.1','2023-09-22'),(10,'127.0.0.1','2023-10-22'),(11,'127.0.0.1','2023-10-23'),(12,'127.0.0.1','2023-11-22'),(13,'127.0.0.1','2023-12-01'),(14,'127.0.0.1','2023-12-02'),(15,'127.0.0.1','2023-12-03'),(16,'127.0.1.1','2023-12-03'),(17,'127.1.0.1','2023-12-03'),(19,'127.0.0.1','2024-01-01'),(20,'127.0.0.1','2024-01-03'),(21,'127.0.0.1','2024-01-09'),(22,'127.0.0.1','2024-01-17'),(23,'127.2.0.1','2024-01-17'),(24,'1327.0.0.1','2024-01-17'),(25,'127.0.05.1','2024-01-17'),(26,'127.0.0.13','2024-01-17'),(27,'127.0.0.13','2024-01-22'),(28,'127.0.0.13','2024-01-29'),(29,'127.12.0.13','2024-01-29'),(30,'1227.12.0.13','2024-01-29'),(31,'124.2.2.2','2023-02-19'),(32,'124.2.2.2','2023-02-18'),(33,'124.22.2.2','2023-02-19'),(34,'1224.2.2.2','2023-02-19'),(35,'124.2.2.2','2023-02-12'),(36,'124.2.2.2','2023-08-12'),(37,'124.2.2.2','2023-08-13'),(38,'124.2.2.2','2023-08-13'),(39,'124.2.2.2','2023-08-14'),(40,'124.2.23.2','2023-08-14'),(41,'124.2.23.2','2023-10-14'),(42,'124.2.23.2','2023-10-15'),(43,'124.2.23.2','2023-10-16'),(44,'124.2.23.2','2023-10-17'),(45,'124.2.23.2','2023-10-18'),(46,'124.2.23.2','2023-10-19'),(47,'124.2.23.2','2023-10-20'),(48,'1214.2.23.2','2023-10-20'),(49,'124.2.23.22','2023-10-20'),(50,'1234.2.23.22','2023-10-20'),(51,'104.62.32.231','2024-02-02'),(52,'98.97.56.91','2024-02-02'),(53,'104.62.32.231','2024-02-03'),(54,'98.97.56.91','2024-02-03'),(55,'170.64.137.230','2024-02-04'),(56,'104.62.32.231','2024-02-04'),(57,'20.169.168.224','2024-02-04'),(58,'172.176.75.89','2024-02-04'),(59,'40.94.20.50','2024-02-04'),(60,'40.94.226.63','2024-02-04'),(61,'66.249.79.100','2024-02-04'),(62,'66.249.79.99','2024-02-04'),(63,'52.165.149.97','2024-02-04'),(64,'20.219.104.247','2024-02-04'),(65,'104.62.32.231','2024-02-05'),(66,'99.26.181.122','2024-02-05'),(67,'99.26.181.122','2024-02-06'),(68,'194.31.173.201','2024-02-06'),(69,'81.200.156.80','2024-02-06'),(70,'98.97.142.144','2024-02-07'),(71,'104.62.32.231','2024-02-07'),(72,'66.249.75.7','2024-02-07'),(73,'66.249.77.96','2024-02-08'),(74,'104.62.32.231','2024-02-08'),(75,'104.248.7.52','2024-02-08'),(76,'104.62.32.231','2024-02-09'),(77,'174.212.99.10','2024-02-10'),(78,'104.62.32.231','2024-02-10'),(79,'20.245.235.33','2024-02-11'),(80,'172.176.75.89','2024-02-11'),(81,'66.249.66.204','2024-02-11'),(82,'20.169.168.224','2024-02-11'),(83,'104.62.32.231','2024-02-11'),(84,'20.68.35.212','2024-02-11'),(85,'172.172.53.23','2024-02-11'),(86,'51.142.189.228','2024-02-11'),(87,'52.165.149.97','2024-02-11'),(88,'104.62.32.231','2024-02-12'),(89,'66.249.66.196','2024-02-12'),(90,'66.249.66.34','2024-02-13'),(91,'104.62.32.231','2024-02-14'),(92,'65.154.226.171','2024-02-15'),(93,'104.62.32.231','2024-02-16'),(94,'104.62.32.231','2024-02-17'),(95,'52.165.149.97','2024-02-18'),(96,'20.254.26.207','2024-02-18'),(97,'20.169.168.224','2024-02-18'),(98,'40.94.87.40','2024-02-18'),(99,'104.62.32.231','2024-02-18'),(100,'27.115.124.118','2024-02-18'),(101,'104.62.32.231','2024-02-20'),(102,'104.62.32.231','2024-02-21'),(103,'104.189.124.244','2024-02-24'),(104,'104.62.32.231','2024-02-29'),(105,'20.169.168.224','2024-03-01'),(106,'104.62.32.231','2024-03-01'),(107,'20.169.168.224','2024-03-02'),(108,'104.62.32.231','2024-03-02'),(109,'89.248.171.23','2024-03-04'),(110,'66.249.68.39','2024-03-06'),(111,'66.249.75.7','2024-03-06'),(112,'66.249.65.9','2024-03-11'),(113,'66.249.74.40','2024-03-11'),(114,'89.248.171.23','2024-03-14'),(115,'15.204.206.70','2024-03-15'),(116,'204.101.161.19','2024-03-16'),(117,'66.249.74.136','2024-03-16'),(118,'3.90.234.56','2024-03-17'),(119,'104.62.32.231','2024-03-27'),(120,'52.165.149.97','2024-03-27'),(121,'66.249.79.96','2024-03-27'),(122,'66.249.79.97','2024-03-27'),(123,'66.249.79.231','2024-03-28'),(124,'66.249.79.238','2024-03-28'),(125,'104.62.32.231','2024-03-29'),(126,'104.62.32.231','2024-03-30'),(127,'104.62.32.231','2024-04-01'),(128,'104.62.32.231','2024-04-02'),(129,'52.165.149.97','2024-04-02'),(130,'172.176.75.89','2024-04-02'),(131,'20.169.168.224','2024-04-02'),(132,'99.14.55.89','2024-04-03'),(133,'104.62.32.231','2024-04-04'),(134,'20.169.168.224','2024-04-04'),(135,'52.165.149.97','2024-04-06'),(136,'104.62.32.231','2024-04-06'),(137,'34.97.83.69','2024-04-06'),(138,'65.154.226.168','2024-04-06'),(139,'205.169.39.72','2024-04-07'),(140,'104.62.32.231','2024-04-07'),(141,'66.249.79.97','2024-04-08'),(142,'66.249.79.96','2024-04-08'),(143,'52.165.149.97','2024-04-09'),(144,'172.176.75.89','2024-04-09'),(145,'104.62.32.231','2024-04-09'),(146,'20.108.254.77','2024-04-09'),(147,'54.81.129.168','2024-04-09'),(148,'99.26.181.122','2024-04-09'),(149,'75.146.11.174','2024-04-09'),(150,'104.62.32.231','2024-04-10'),(151,'106.74.27.105','2024-04-10'),(152,'220.200.229.170','2024-04-10'),(153,'111.31.13.158','2024-04-10'),(154,'111.11.182.165','2024-04-10'),(155,'120.35.11.210','2024-04-10'),(156,'218.201.34.52','2024-04-10'),(157,'123.233.114.34','2024-04-10'),(158,'221.180.143.13','2024-04-10'),(159,'172.176.75.89','2024-04-10'),(160,'74.51.221.37','2024-04-10'),(161,'52.165.149.97','2024-04-11'),(162,'47.32.15.180','2024-04-11'),(163,'104.62.32.231','2024-04-15'),(164,'106.74.26.245','2024-04-17'),(165,'123.233.114.34','2024-04-17'),(166,'221.180.143.13','2024-04-17'),(167,'117.156.23.130','2024-04-17'),(168,'222.249.228.245','2024-04-17'),(169,'220.200.229.170','2024-04-17'),(170,'218.201.34.52','2024-04-17'),(171,'106.74.24.66','2024-04-18'),(172,'221.180.143.13','2024-04-18'),(173,'222.249.228.245','2024-04-18'),(174,'120.35.11.210','2024-04-18'),(175,'220.200.229.170','2024-04-18'),(176,'218.201.34.52','2024-04-18');
/*!40000 ALTER TABLE `visitor` ENABLE KEYS */;
UNLOCK TABLES;
/*!40103 SET TIME_ZONE=@OLD_TIME_ZONE */;

/*!40101 SET SQL_MODE=@OLD_SQL_MODE */;
/*!40014 SET FOREIGN_KEY_CHECKS=@OLD_FOREIGN_KEY_CHECKS */;
/*!40014 SET UNIQUE_CHECKS=@OLD_UNIQUE_CHECKS */;
/*!40101 SET CHARACTER_SET_CLIENT=@OLD_CHARACTER_SET_CLIENT */;
/*!40101 SET CHARACTER_SET_RESULTS=@OLD_CHARACTER_SET_RESULTS */;
/*!40101 SET COLLATION_CONNECTION=@OLD_COLLATION_CONNECTION */;
/*!40111 SET SQL_NOTES=@OLD_SQL_NOTES */;

-- Dump completed on 2024-04-20  2:04:27
